combination,budget_factor,fid,dim,algname,dt_fb_fx,correct_fx,fx_diff,within_tolerance
budget10_fid20_dim10,10,20,10,CS,0.4539458153155386,0.523309424439286,0.06936360912374734,True
budget10_fid20_dim10,10,20,10,DE,0.342003279304743,-1.4336319992372,1.775635278541943,False
budget10_fid20_dim10,10,20,10,modcma_bipop,1.2712310679469716,1.47853655047598,0.20730548252900838,True
budget10_fid21_dim10,10,21,10,CS,-5.4035063695210965,-6.05575710835204,0.6522507388309435,True
budget10_fid21_dim10,10,21,10,DE,-0.7014947779033477,-0.732979856925784,0.03148507902243636,True
budget10_fid21_dim10,10,21,10,modcma_bipop,1.3158757342520553,1.37009022246002,0.054214488207964706,True
budget10_fid22_dim10,10,22,10,CS,-0.3221766776240593,-1.64122370976187,1.3190470321378107,False
budget10_fid22_dim10,10,22,10,DE,0.6998606382891027,0.0632156816591,0.6366449566300028,True
budget10_fid22_dim10,10,22,10,modcma_bipop,1.4723909384169946,1.46565781155378,0.0067331268632147,True
budget10_fid23_dim10,10,23,10,CS,-0.0721835565631898,-0.13554994537082,0.0633663888076302,True
budget10_fid23_dim10,10,23,10,DE,0.2398499138843701,0.221292624217374,0.018557289666996102,True
budget10_fid23_dim10,10,23,10,modcma_bipop,0.5809334069738648,0.583686964266391,0.002753557292526243,True
budget10_fid24_dim10,10,24,10,CS,1.326061337952182,1.42224443140965,0.09618309345746812,True
budget10_fid24_dim10,10,24,10,DE,1.7273321552598406,1.71276175584533,0.014570399414510549,True
budget10_fid24_dim10,10,24,10,modcma_bipop,2.002406986396935,2.0169683657464,0.01456137934946522,True
budget50_fid20_dim10,50,20,10,CS,0.4047521464883355,0.364307363019054,0.04044478346928154,True
budget50_fid20_dim10,50,20,10,DE,0.2665491962371472,-1.50855168235286,1.775100878590007,False
budget50_fid20_dim10,50,20,10,modcma_bipop,0.4111639296890025,0.419365231190557,0.008201301501554514,True
budget50_fid21_dim10,50,21,10,CS,-5.440331631531108,-6.07944033475748,0.6391087032263725,True
budget50_fid21_dim10,50,21,10,DE,-0.7232311395847159,-0.749267048412105,0.026035908827389154,True
budget50_fid21_dim10,50,21,10,modcma_bipop,-0.0809141126298024,0.10433850574316,0.18525261837296242,True
budget50_fid22_dim10,50,22,10,CS,-0.3347266327106903,-1.66460273801079,1.3298761053000996,False
budget50_fid22_dim10,50,22,10,DE,0.6844511078371783,0.0344938812270126,0.6499572266101658,True
budget50_fid22_dim10,50,22,10,modcma_bipop,0.7005675099572446,0.6981304151683,0.002437094788944605,True
budget50_fid23_dim10,50,23,10,CS,-0.0942672160341786,-0.155649587928884,0.0613823718947054,True
budget50_fid23_dim10,50,23,10,DE,0.2074018415465409,0.198277610260017,0.009124231286523898,True
budget50_fid23_dim10,50,23,10,modcma_bipop,0.4251039667096055,0.439938461912504,0.014834495202898534,True
budget50_fid24_dim10,50,24,10,CS,1.3077668956873394,1.3997265411134,0.0919596454260605,True
budget50_fid24_dim10,50,24,10,DE,1.70499508688626,1.6920009173375,0.012994169548760093,True
budget50_fid24_dim10,50,24,10,modcma_bipop,1.7903839318804418,1.80968160971489,0.019297677834448246,True
budget100_fid20_dim10,100,20,10,CS,0.107935378404699,0.227182356035066,0.11924697763036701,True
budget100_fid20_dim10,100,20,10,DE,0.0924427390190311,-1.66859007100428,1.7610328100233112,False
budget100_fid20_dim10,100,20,10,modcma_bipop,0.2673080200270495,0.266026227614612,0.0012817924124375324,True
budget100_fid21_dim10,100,21,10,CS,-5.480651789884268,-6.12672390971213,0.6460721198278616,True
budget100_fid21_dim10,100,21,10,DE,-0.746453528371386,-0.790443969286343,0.04399044091495696,True
budget100_fid21_dim10,100,21,10,modcma_bipop,-1.190727435728888,-0.724995035697924,0.46573240003096394,True
budget100_fid22_dim10,100,22,10,CS,-0.3767058692111867,-1.72731066965279,1.3506048004416034,False
budget100_fid22_dim10,100,22,10,DE,0.6548819677801317,-0.00126924791959736,0.6561512156997291,True
budget100_fid22_dim10,100,22,10,modcma_bipop,0.6559020018828547,0.593813437898482,0.06208856398437279,True
budget100_fid23_dim10,100,23,10,CS,-0.103751538093459,-0.170324866014312,0.06657332792085299,True
budget100_fid23_dim10,100,23,10,DE,0.2028054203455754,0.191856611922494,0.01094880842308138,True
budget100_fid23_dim10,100,23,10,modcma_bipop,0.355525140653169,0.380794305529895,0.025269164876726036,True
budget100_fid24_dim10,100,24,10,CS,1.2880765887207015,1.3744269402896,0.08635035156889859,True
budget100_fid24_dim10,100,24,10,DE,1.6924297000206898,1.68209743003583,0.01033226998485981,True
budget100_fid24_dim10,100,24,10,modcma_bipop,1.7413313724220405,1.74487541284013,0.0035440404180895335,True
budget500_fid20_dim10,500,20,10,CS,-0.2122619174825115,-0.177440792651872,0.03482112483063951,True
budget500_fid20_dim10,500,20,10,DE,-0.3070840857838219,-2.14461257763436,1.837528491850538,False
budget500_fid20_dim10,500,20,10,modcma_bipop,0.2228318821439106,0.22175141311582,0.001080469028090586,True
budget500_fid21_dim10,500,21,10,CS,-5.61403424268118,-6.2770825919244,0.66304834924322,True
budget500_fid21_dim10,500,21,10,DE,-0.9466793506240035,-1.01634279142583,0.06966344080182651,True
budget500_fid21_dim10,500,21,10,modcma_bipop,-2.331877638611341,-1.58439942231694,0.7474782162944011,True
budget500_fid22_dim10,500,22,10,CS,-0.5653042819489815,-1.87939871508558,1.3140944331365985,False
budget500_fid22_dim10,500,22,10,DE,0.4604704797373183,-0.169407261345837,0.6298777410831553,True
budget500_fid22_dim10,500,22,10,modcma_bipop,0.3707539506924444,0.0735864923427478,0.2971674583496966,True
budget500_fid23_dim10,500,23,10,CS,-0.1212958449322713,-0.196549828835225,0.07525398390295371,True
budget500_fid23_dim10,500,23,10,DE,0.1757920047669903,0.175780893750786,1.1111016204295998e-05,True
budget500_fid23_dim10,500,23,10,modcma_bipop,0.1079519103820962,0.233919341071637,0.1259674306895408,True
budget500_fid24_dim10,500,24,10,CS,1.2507878244003354,1.33452756739376,0.08373974299342457,True
budget500_fid24_dim10,500,24,10,DE,1.6386942213828075,1.63866858174915,2.5639633657537075e-05,True
budget500_fid24_dim10,500,24,10,modcma_bipop,1.371315345508751,1.42851469076938,0.057199345260628975,True
budget1000_fid20_dim10,1000,20,10,CS,-0.2247388312873592,-0.199618231940845,0.0251205993465142,True
budget1000_fid20_dim10,1000,20,10,DE,-0.3191545753019086,-2.15804136915832,1.8388867938564113,False
budget1000_fid20_dim10,1000,20,10,modcma_bipop,0.1820939671961771,0.194207714129219,0.012113746933041902,True
budget1000_fid21_dim10,1000,21,10,CS,-5.6899332239678175,-6.40488705232606,0.7149538283582428,True
budget1000_fid21_dim10,1000,21,10,DE,-1.157214416464977,-1.15917253795595,0.001958121490973186,True
budget1000_fid21_dim10,1000,21,10,modcma_bipop,-2.715717419923112,-2.01466625521806,0.7010511647050519,True
budget1000_fid22_dim10,1000,22,10,CS,-0.63418729770598,-1.96445782893195,1.33027053122597,False
budget1000_fid22_dim10,1000,22,10,DE,0.436614230695222,-0.212353294737292,0.648967525432514,True
budget1000_fid22_dim10,1000,22,10,modcma_bipop,-0.1657045080659125,-0.45106849035972,0.28536398229380755,True
budget1000_fid23_dim10,1000,23,10,CS,-0.1370823119669029,-0.208946425917128,0.0718641139502251,True
budget1000_fid23_dim10,1000,23,10,DE,0.1701562437725892,0.156490484684693,0.01366575908789619,True
budget1000_fid23_dim10,1000,23,10,modcma_bipop,-0.0579176377957673,0.0872689137361461,0.1451865515319134,True
budget1000_fid24_dim10,1000,24,10,CS,1.2395196014810177,1.32009006401149,0.0805704625304724,True
budget1000_fid24_dim10,1000,24,10,DE,1.624245964132068,1.6161548347476,0.008091129384467877,True
budget1000_fid24_dim10,1000,24,10,modcma_bipop,1.24122217821297,1.34662667983064,0.10540450161767012,True
budget5000_fid20_dim10,5000,20,10,CS,-0.2941399927011179,-0.265060559831964,0.029079432869153876,True
budget5000_fid20_dim10,5000,20,10,DE,-0.4096908592862558,-2.27442437700535,1.864733517719094,False
budget5000_fid20_dim10,5000,20,10,modcma_bipop,0.072677227850667,0.0986835304958957,0.0260063026452287,True
budget5000_fid21_dim10,5000,21,10,CS,-6.666196479857317,-7.66981992973302,1.003623449875703,False
budget5000_fid21_dim10,5000,21,10,DE,-1.304309296187622,-1.35326166637019,0.04895237018256804,True
budget5000_fid21_dim10,5000,21,10,modcma_bipop,-4.945542588923911,-4.32421612831401,0.6213264606099012,True
budget5000_fid22_dim10,5000,22,10,CS,-0.7251158885923149,-2.2015686338994,1.476452745307085,False
budget5000_fid22_dim10,5000,22,10,DE,0.436144583066773,-0.361304712031218,0.797449295097991,True
budget5000_fid22_dim10,5000,22,10,modcma_bipop,-0.6030151104294894,-1.40014029592657,0.7971251854970807,True
budget5000_fid23_dim10,5000,23,10,CS,-0.1751166184695873,-0.247993961768135,0.07287734329854773,True
budget5000_fid23_dim10,5000,23,10,DE,0.1541764906044219,0.140776574281056,0.013399916323365901,True
budget5000_fid23_dim10,5000,23,10,modcma_bipop,-0.5042874349758972,-0.401886225605571,0.10240120937032621,True
budget5000_fid24_dim10,5000,24,10,CS,1.2014502714724469,1.28968418775968,0.0882339162872332,True
budget5000_fid24_dim10,5000,24,10,DE,1.596990749807379,1.59275827978895,0.00423247001842908,True
budget5000_fid24_dim10,5000,24,10,modcma_bipop,1.0733396785746545,1.03291027922571,0.040429399348944406,True
budget10000_fid20_dim10,10000,20,10,CS,-0.3305316201204259,-0.298849577425122,0.03168204269530389,True
budget10000_fid20_dim10,10000,20,10,DE,-0.4849855519271033,-2.78778979641905,2.3028042444919468,False
budget10000_fid20_dim10,10000,20,10,modcma_bipop,0.0154967786684216,0.0348501725453361,0.019353393876914503,True
budget10000_fid21_dim10,10000,21,10,CS,-7.044215035427548,-8.0,0.9557849645724517,True
budget10000_fid21_dim10,10000,21,10,DE,-1.304309296187622,-1.35326166637019,0.04895237018256804,True
budget10000_fid21_dim10,10000,21,10,modcma_bipop,-5.930831596987341,-5.60512409075692,0.32570750623042066,True
budget10000_fid22_dim10,10000,22,10,CS,-0.8537592997939732,-2.4988474844118,1.6450881846178267,False
budget10000_fid22_dim10,10000,22,10,DE,0.436144583066773,-0.361304712031218,0.797449295097991,True
budget10000_fid22_dim10,10000,22,10,modcma_bipop,-0.8124354100000852,-1.62786687690488,0.8154314669047948,True
budget10000_fid23_dim10,10000,23,10,CS,-0.200098256827855,-0.279155458000246,0.07905720117239098,True
budget10000_fid23_dim10,10000,23,10,DE,0.1462301530152897,0.135339644246797,0.01089050876849268,True
budget10000_fid23_dim10,10000,23,10,modcma_bipop,-0.7306378975538338,-0.69762815120859,0.033009746345243784,True
budget10000_fid24_dim10,10000,24,10,CS,1.1593286292484122,1.25670309994698,0.09737447069856775,True
budget10000_fid24_dim10,10000,24,10,DE,1.58551276023364,1.5822959359708,0.00321682426284009,True
budget10000_fid24_dim10,10000,24,10,modcma_bipop,0.9642831363984622,0.959417163229412,0.004865973169050242,True
